Commit made at Sat Jul 20 01:32:10 UTC 2024
Commit made at Sat Jul 20 01:39:37 UTC 2024 with sticker: ğŸ™ Be thankful.
Commit made at Sun Jul 21 02:28:59 UTC 2024 with sticker: ğŸ‘ Youâ€™re doing great.
Commit made at Mon Jul 22 02:30:16 UTC 2024 with sticker: 👀 Keep an eye on your goals.
Commit made at Tue Jul 23 02:25:50 UTC 2024 with sticker: 🔥 Stay passionate.
Commit made at Wed Jul 24 02:25:53 UTC 2024 with sticker: 😊 Keep smiling, it's contagious.
Commit made at Thu Jul 25 02:26:01 UTC 2024 with sticker: ğŸ™ Be thankful.
Commit made at Fri Jul 26 02:25:54 UTC 2024 with sticker: 😜 Be yourself, everyone else is taken.
Commit made at Sat Jul 27 02:23:09 UTC 2024 with sticker: 🙌 Together we achieve more.
